key,sequence
0,ICLQKTSNQILKPKLISYTLPVVGQSGTCITDPLLAMDEGYFAYSHLERIGSCSRGVSKQRIIGVGEVLDRGDEVPSLFMTNVWTPPNPNTVYHCSAVYNNEFYYVLCAVSTVGDPILNSTYWSGSLMMTRLAVKPKSNGGGYNQHQLALRSIEKGRYDKVMPYGPSGIKQGDTLYFPAVGFLVRTEFKYNDSNCPITKCQYSKPENCRLSMGIRPNSHYILRSGLLKYNLSDGENPKVVFIEISDQRLSIGSPSKIYDSLGQPVFYQASFSWDTMIKFGDVLTVNPLVVNWRNNTVISRPGQSQCPRFNTCPEICWEGVYNDAFLIDRINWISAGVFLDSNQTAENPVFTVFKDNEILYRAQLASEDTNAQKTITNCFLLKNKIWCISLVEIYDTGDNVIRPKLFAVKIPEQCTH
-1,ICLQKTSNQILKPKLISYTLPVVGQSGTCITDPLLAMDEGYFAYSHLERIGSCSRGVSKQRIIGVGEVLDRGDEVPSLFMTNVWTPPNPNTVYHCSAVYNNEFYYVLCAVSTVGDPILNSTYWSGSLMMTRLAVKPKSNGGGYNQHQLALRSIEKGRYDKVMPYGPSGIKQGDTLYFPAVGFLVRTEFKYNDSNCPITKCQYSKPENCRLSMGIRPNSHYILRSGLLKYNLSDGENPKVVFIEISDQRLSIGSPSKIYDSLGQPVFYQASFSWDTMIKFGDVLTVNPLVVNWRNNTVISRPGQSQCPRFNTCPEICWEGVYNDAFLIDRINWISAGVFLDSNQTAENPVFTVFKDNEILYRAQLASEDTNAQKTITNCFLLKNKIWCISLVEIYDTGDNVIRPKLFAVKIPEQCT-
-1,ICLQKTSNQILKPKLISYTLPVVGQSGTCITDPLLAMDEGYFAYSHLEKIGSCSRGVSKQRIIGVGEVLDRGDEVPSLFMTNVWTPSNPNTVYHCSAVYNNEFYYVLCAVSVVGDPILNSTYWSGSLMMTRLAVKPKNNGESYNQHQFALRNIEKGKYDKVMPYGPSGIKQGDTLYFPAVGFLVRTEFTYNDSNCPIAECQYSKPENCRLSMGIRPNSHYILRSGLLKYNLSDEENSKIVFIEISDQRLSIGSPSKIYDSLGQPVFYQASFSWDTMIKFGDVQTVNPLVVNWRDNTVISRPGQSQCPRFNKCPEVCWEGVYNDAFLIDRINWISAGVFLDSNQTAENPVFTVFKDNEVLYRAQLASEDTNAQKTITNCFLLKNKIWCISLVEIYDTGDNVIRPKLFAVKIP-----
-1,ICLQKTSNQILKPKLISYTLPVVGQSGTCITDPLLAMDEGYFAYSHLEKIGSCSRGVSKQRIIGVGEVLDRGDEVPSLFMTNVWTPSNPNTVYHCSAVYNSEFYYVLCAVSVVGDPILNSTYWSGSLMMTRLAVKPKNNGESYNQHQFALRNIEKGMYDKVMPYGPSGIKQGDTLYFPAVGFLVRTEFKYNDSNCPVAKCQYSKPENCRLSMGIRPNSHYILRSGLLKYNLSDEENSKIIFIEISDQRLSIGSPSKIYDSLGQPVFYQASFSWDTMIKFGDVQTVNPLVVNWRDNMVISRPGQSQCPRFNTCPEVCWEGVYNDAFLIDRINWISAGVFLDSNQTAENPVFTVFKDNEVLYRAQLASEDTNAQKTITNCFLLKNKIWCISLVE------------------------
-1,ICLQKTTSTILKPRLISYTLPINTREGVCITDPLLAVDNGFFAYSHLEKIGSCTRGIAKQRIIGVGEVLDRGDKVPSMFMTNVWTPPNPSTIHHCSSTYHEDFYYTLCAVSHVGDPILNSTSWTESLSLIRLAVRPKSDSGDYNQKYIAITKVERGKYDKVMPYGPSGIKQGDTLYFPAVGFLPRTEFQYNDSNCPIIHCKYSKAENCRLSMGVNSKSHYILRSGLLKYNLSLGGDITLQFIEIADNRLTIGSPSKIYNSLGQPVFYQASYSWDTMIKLGDVDTVDPLRVQWRNNSVISRPGQSQCPRFNVCPEVCWEGTYNDAFLIDRLNWVSAGVYLNSNQTAENPVFAVFKDNEILYQVPLAEDDTNAQKTITDCFLLENVIWCISLVEIYDTGDSVIRPKLFAVKIPAQCS-
-1,ICLQKTTSTILKPRLISYTLPINTREGVCITDPLLAVDNGFFAYSHLEKIGSCTRGIAKQRIIGVGEVLDRGDKVPSMFMTNVWTPPNPSTIHHCSSTYHEDFYYTLCAVSHVGDPILNSTSWTESLSLIRLAVRPKSDSGDYNQKYIAITKVERGKYDKVMPYGPSGIKQGDTLYFPAVGFLPRTEFQYNDSNCPIIHCKYSKAENCRLSMGVNSKSHYILRSGLLKYNLSLGGDIILQFIEIADNRLTIGSPSKIYNSLGQPVFYQASYSWDTMIKLGDVDTVDPLRVQWRNNSVISRPGQSQCPRFNVCPEVCWEGTYNDAFLIDRLNWVSAGVYLNSNQTAENPVFAVFKDNEILYQVPLAEDDTNAQKTITDCFLLENVIWCISLVEIYDTGDSVIRPKLFAVKIPAQCS-
-1,------------PTIYYYRIPGLYNRtaldERCILNPRLTISSTKFAYVHSEYDKNCTRGFKYYELMTFGEILEGPEKEPRMFSRSFYSPTNAVNYHSCTPIVTVNEGYFLCLECTSSDPLYKANLSNSTFHLVILRHNKDEKIVSMPSFNLSTDQ----EYVQIIPAEGGGTAESGNLYFPCIGRLLHK--RVTHPLCKKSNCSRTDDESCLKSYYNQGSPQHQVVNCLIRIRNAQRDNPTWDVITVDLTNTYPGSRSRIFGSFSKPMLYQSSVSWHTLLQVAEITDLDKYQLDWLDTPYISRPGGSECPFGNYCPTVCWEGTYNDVYSLTPNNDLFVTVYLKSEQVAENPYFAIFSRDQILKEFPLDAWISSARTTTISCFMFNNEIWCIAALEITRLNDDIIRPIYYSFWLPTDC--
-1,------------PTIYYYRIPGLYNRtaldERCILNPRLTISSTKFAYVHSEYDKNCTRGFKYYELMTFGEILEGPEKEPRMFSRSFYSPTNAVNYHSCTPIVTVNEGYFLCLECTSSDPLYKANLSNSTFHLVILRHNKDEKIVSMPSFNLSTDQ----EYVQIIPAEGGGTAESGNLYFPCIGRLLHK--RVTHPLCKKSNCSRTDDESCLKSYYNQGSPQHQVVNCLIRIRNAQRDNPTWDVITVDLTNTYPGSRSRIFGSFSKPMLYQSSVSWHTLLQVAEITDLDKYQLDWLDTPYISRPGGSECPFGNYCPTVCWEGTYNDVYSLTPNNDLFVTVYLKSEQVAENPYFAIFSRDQILKEFPLDAWISSARTTTISCFMFNNEIWCIAALEITRLNDDIIRPIYYSFWLPTDC--
-1,-CKSVSKDPDFRLKQIDYVIPVQQDRSICMNNPLLDISDGFFTYIHYEGINSCKKSDSFKVLLSHGEIVDRGDYRPSLYLLSSHYHPYSMQVINCVPVTCNQSSFVFCHISNNTKTLDNSDYSSDEYYITYFNGidRPKTKKIPIN------NMTADNRYIHFTFSGGGGVCLGEEFIIPVTTVINTDVFTHD--YCESFNCsvqtGKSLKEICSESLRSPTNSSRYNLNGIMIISQNNMTDFKIQLNGITYNKLSFGSPGRLSKTLGQVLYYQSSMSWDTYLKAGFVEKWKPFTPNWMNNTVISRPNQGNCPRYHKCPEICYGGTYNDIAPLDLGKDMYVSVILDSDQLAENPEITVFNSTTILYKERVSKDELNTRSTTTSCFLFLDEPWCISVLETNRFNGKSIRPEIYSYKIPKYC--
-1,-CKSVSKDPDFRLKQIDYVIPVQQDRSICMNNPLLDISDGFFTYIHYEGINSCKKSDSFKVLLSHGEIVDRGDYRPSLYLLSSHYHPYSMQVINCVPVTCNQSSFVFCHISNNTKTLDNSDYSSDEYYITYFNGidRPKTKKIPIN------NMTADNRYIHFTFSGGGGVCLGEEFIIPVTTVINTDVFTHD--YCESFNCsvqtGKSLKEICSESLRSPTNSSRYNLNGIMIISQNNMTDFKIQLNGITYNKLSFGSPGRLSKTLGQVLYYQSSMSWDTYLKAGFVEKWKPFTPNWMNNTVISRPNQGNCPRYHKCPEICYGGTYNDIAPLDLGKDMYVSVILDSDQLAENPEITVFNSTTILYKERVSKDELNTRSTTTSCFLFLDEPWCISVLETNRFNGKSIRPEIYSYKIPKYC--
-1,----------------------------------------------------------------------------------------------------------------------------------------------------------------------------------------------------------------------------------------------------------------------------------------------------YTFNAFTRPGSVPCQASARCPNSCITGVYTDPYPLVFhRNHTlrgVFGTMLDDEQARLNPVSAVFDSISRSRVTRVSSSSTKAAYTTSTCFKVvkTNKVYCLSIAEISNTLFGEFRIVPLLVEILKD---
-1,---------------------------------------------------------------------------------------------------------------------------------------------------------------------------------------------------------------------------------------------------------------------------------------------------------------------------------------------VFGTMLDDEQARLNPVSAVFDSIARSRVTRVSSSSTKAAYTTSTCFKVvkTGKIYCLSIAEISNTLFGEFRIVPLLVEILKN---
-1,---------------------------------------------------------------------------------------------------------------------------------------------------------------------------------------------------------------------------------------------------------------------------------------------------------------------------------------------VFGMMLDDVQARLNPVSAVFDSIARSRVTRVSSSSTEAAYTTSTCFKVvkTGKIYCLSIAEISNTLFGEFRIVPLLVELLKN---
-1,-----------------------------------------------------------------------------------------------------------------------------------------------------------------------------------------------------------------------------------------------------------------------------------------------------------------------CPKDCVTGVYTDLFPLGSRYEYAATVYLNSETYRVNPTLALINQTNII---------------------------------------------------------
-1,--------------------------------------------------------------------------------------------------------------------------------------------------------------------------------------------------------------------------------------------------------------------------------------------------------------------------------------------------------------------------RVSSSSTKAAYTTSTCFKVvkTNKIYCLSIAEISNTLFGEFRIVPLLIEILKD---
-1,--------------------------------------------------------------------------------------------------------------------------------------------------------------------------------------------------------------------------------------------------------------------------------------------------------------------------------------------------------------------------------TRAAYTTSTCFKVvkTNKVYCLSIAEISNTLFGEFRIVPLLVEILKD---
-1,---------------------------------------------------------------------------------------------------------------------------------------------------------------------------------------------------------------------------------------------------------------------------------------------------------------------------------------------------------------------------------KAAYTTSTCFKVVkaNKIYCLSIAEISNTLFGEFRIVPLLVEILKD---
-1,---------------------------------------------------------------------------------------------------------------------------------------------------------------------------------------------------------------------------------------------------------------------------------------------------------------------------------------------------------------------------VSSSSAKAAYTTSTCFKVvkTNKTYCLSIAEISNTLFGEFRIVPLLVEILKD---
-1,----------------------------------------------------------------------------------------------------------------------------------------------------------------------------------------------------------------------------------------------------------------------------------------------------------------------------------------------------------------------------------AAYTTSTCFKVvkTNKTYCLSIAEISNTLFGEFRIVPLLVEILKD---
-1,--------------------------------------------------------------------------------------------------------------------------------------------------------------------------------------------------------------------------------------------------------------------------------------------------------------------------------------------------------------------------RVSSSSTKAAYTTSTCLAVvrTNKAYCLSIAEISNTLFGEFRIVPLLVEILKE---
-1,---------------------------------------------------------------------------------------------------------------------------------------------------------------------------------------------------------------------------------------------------------------------------------------------------------------------------------------------------------------------------VSSSSTKAAYITSTCFKVvkTNKTYCLSIAEISNTLFGEYRIVPLLVEILKD---
-1,----------------------------------------------------------------------------------------------------------------------------------------------------------------------------------------------------------------------------------------------------------------------------------------------------------------------------------------------------------------------------------AAYTTSTCFKavKTNKTYCLSIAEISNTLFGEFRIVPLLVEILKD---
-1,ICLQKTSNQILKPKLISYTLPVVGQSGTCITDPLLAMDEGYFAYSHLERIGSCSRGVSKQRIIGVGEVLDRGDEVPSLFMTNVWTPPNPNTVYHCSAVYNNEFYYVLCAVSTVGDPILNSTYWSGSLMMTRLAVKPKSNGGGYNQHQLALRSIEKGRYDKVMPYGPSGIKQGDTLYFPAVGFLVRTEFKYNDSNCPITKCQYSKPENCRLSMGIRPNSHYILRSGLLKYNLSDGENPKVVFIEISDQRLSIGSPSKIYDSLGQPVFYQASFSWDTMIKFGDVLTVNPLVVNWRNNTVISRPGQSQCPRFNTCPEICWEGVYNDAFLIDRINWISAGVFLDSNQTAENPVFTVFKDNEILYRAQLASEDTNAQKTITNCFLLKNKIWCISLVEIYDTGDNVIRPKLFAVKIPEQCTH
-1,ICLQKTTSTILKPRLISYTLPINTREGVCITDPLLAVDNGFFAYSHLEKIGSCTRGIAKQRIIGVGEVLDRGDKVPSMFMTNVWTPPNPSTIHHCSSTYHEDFYYTLCAVSHVGDPILNSTSWTESLSLIRLAVRPKSDSGDYNQKYIAITKVERGKYDKVMPYGPSGIKQGDTLYFPAVGFLPRTEFQYNDSNCPIIHCKYSKAENCRLSMGVNSKSHYILRSGLLKYNLSLGGDIILQFIEIADNRLTIGSPSKIYNSLGQPVFYQASYSWDTMIKLGDVDTVDPLRVQWRNNSVISRPGQSQCPRFNVCPEVCWEGTYNDAFLIDRLNWVSAGVYLNSNQTAENPVFAVFKDNEILYQVPLAEDDTNAQKTITDCFLLENVIWCISLVEIYDTGDSVIRPKLFAVKIPAQCS-
-1,ICLQKTTSTILKPRLISYTLPINTREGVCITDPLLAVDNGFFAYSHLEKIGSCTRGIAKQRIIGVGEVLDRGDKVPSMFMTNVWTPPNPSTIHHCSSTYHEDFYYTLCAVSHVGDPILNSTSWTESLSLIRLAVRPKSDSGDYNQKYIAINKVERGKYDKVMPYGPSGIKQGDTLYFPAVGFLPRTEFQYNDSNCPIIHCKYSKAENCRLSMGVNSKSHYILRSGLLKYNLSLGGDIILQFIEIADNRLTIGSPSKIYNSLGQPVFYQASYSWDTMIKLGDVDTVDPLRVQWRNNSVISRPGQSQCPRFNVCPEVCWEGTYNDAFLIDRLNWVSAGVYLNSNQTAENPVFAVFKDNEILYQVPLAEDDTNAQKTITDCFLLENVIWCISLVEIYDTGDSVIRPKLFAVKIPAQCS-
-1,ICLQKTSNQILKPKLISYTLPVVGQSGTCITDPLLAMDEGYFAYSHLEKIGSCSRGVSKQRIIGVGEVLDRGDEVPSLFMTNVWTPSNPNTVYHCSAVYNNEFYYVLCAVSVVGDPILNSTYWSGSLMMTRLAVKPKNNGESYNQHQFALRNIEKGKYDKVMPYGPSGIKQGDTLYFPAVGFLVRTEFTYNDSNCPIAECQYSKPENCRLSMGIRPNSHYILRSGLLKYNLSDEENSKIVFIEISDQRLSIGSPSKIYDSLGQPVFYQASFSWDTMIKFGDVQTVNPLVVNWRDNTVISRPGQSQCPRFNKCPEVCWEGVYNDAFLIDRINWISAGVFLDSNQTAENPVFTVFKDNEVLYRAQLASEDTNAQKTITNCFLLKNKIWCISLVEIYDTGDNVIRPKLFAVKIPEQCT-
-1,---------IPGPS----PLPTTSTPGGCVRIPTFHVGDKLYSYSSNLISSGCRDIGKSYQNIQVGIIVRSQEGIPELNPLLSHTFPIIENRKSCSVVSADKGAYLFCSQPKVSEPDDYKSPGIEPMSLDYVDLNGTVRSWIYTPAEIITDYPYA----ALYPGVGSGVVMNGKLLFIVYGGLL--NGIQVPAYCVSPECPTPNQAKCDSSQYNGYLGGRQVVSGIATVDLTSPGKPMITVETISPDKNWFGAEGRLIVTGGRVYIYLRSTGWHGLLQTGIITSFGPISINWVTNTAVSRPGNPGCSWENRCPKGCLTGVYSDAYPLSPDYTTVATMILHDSTTRKSPVMVYATPSEMVNYASLNGPGQGAAYSTTTCVTVDDEGYCLTAVELSPGLISSMQPVLVATRIPKSC--
-1,-------------------VPNTGKLNGCTRTPSFSVYNGFWCYTHAESDWNCNGSSPYMQVFRVGVVTSDYDYNVIHKTLHTKTSRLANVTYQCSTISTGYECYFLCSTPNVDEITDYKTPGIESLQIYKIDNRGTFAKFPIT------DQLNKELLTALYPGPGNGVLYQGRLLFPMHGGM--QSSELNKVNLNNTVLSQFNDNkGCNAteiklesefpgTFTSPYYSNQVMLNYILICEMIENLPGNCDLQIVAPKNMSMGSESQLYSINNKLYLYQRSSSRWPYPLIYEVGTrltnrqFRLRAINRFLIKSTTRPGSEGCNIYRVCPKVCVTGVYQAPWILHVSkagsqsiaKVLYAVAWSKDHMSRKGPLFSICDNDTCFLTKSLASEHVHSGYSITRCYLENSerHIICVVIMELDASPWAEMRIQSVIYNI------
-1,-------------------VPNTGKLNGCTRTPSFSVYNGFWCYTHAESDWNCNGSSPYMQVFRVGVVTSDYDYNVIHKTLHTKTSRLANVTYQCSTISTGYECYFLCSTPNVDEITDYKTPGIESLQIYKIDNRGTFAKFPIT------DQLNKELLTALYPGPGNGVLYQGRLLFPMHGGM--QSSELNKVNLNNTVLSQFNDNkGCNAteiklesefpgTFTSPYYSNQVMLNYILICEMIENLPGNCDLQIVAPKNMSMGSESQLYSINNKLYLYQRSSSRWPYPLIYEVGTrltnrqFRLRAINRFLIKSTTRPGSEGCNIYRVCPKVCVTGVYQAPWILHVSkagsqsiaKVLYAVAWSKDHMSRKGPLFSICDNDTCFLTKSLASEHVHSGYSITRCYLENSerHIICVVIMELDASPWAEMRIQSVIYNI------
-1,------SDLLEHPSFI----PVPTTSHGCTRIPTFHLGYRHWCYSHNTIESGCHDAGESIMYVSMGAVGVGHRGKPVFTTSAATVLDDGKNRKSCSIIANPNGCDVLCSLVKQTENEDYADPTPTPMIHGRLHFNGT-----YTESELNP-GLFNNHWVAQYPAVGSGVVSHGKLFFPLYGGISPKSKLFNELKsfayfthNAELKCENLTERQKEDlynAYRPGKIAGSLWAQGVVTCNLT--NLADCKVAIANTSTMMMAAEGRLQLVQDRIVFYQRSSSWWPVLIYYDIPISDLISadhleiVNWtpYPQSKFPRPtwTKGVCEKPAICPAVCVTGVYQDVWVVSigsqSNETVVVGGYLDAAAARQDPWIAAANQYNWLVRRRLFTSQTEAAYSSTTCFRNtkQDRVFCLTIMEVTDNLLGDWKIAPLLYE-------
-1,------SDLLEHPSFI----PVPTTSHGCTRIPTFHLGYRHWCYSHNTIESGCHDAGESIMYVSMGAVGVGHRGKPVFTTSAATVLDDGKNRKSCSIIANPNGCDVLCSLVKQTENEDYADPTPTPMIHGRLHFNGT-----YTESELNP-GLFNNHWVAQYPAVGSGVVSHGKLFFPLYGGISPKSKLFNELKsfayfthNAELKCENLTERQKEDlynAYRPGKIAGSLWAQGVVTCNLT--NLADCKVAIANTSTMMMAAEGRLQLVQDRIVFYQRSSSWWPVLIYYDIPISDLISadhleiVNWtpYPQSKFPRPtwTKGVCEKPAICPAVCVTGVYQDVWVVSigsqSNETVVVGGYLDAAAARQDPWIAAANQYNWLVRRRLFTSQTEAAYSSTTCFRNtkQDRVFCLTIMEVTDNLLGDWKIAPLLYE-------
-1,--------LMPGPGLLAMPTTV----DGCIRTPSLVINDLIYAYTSNLITRGCQDIGKSYQVLQIGIITVNSDLVPDLNPRISHTFNINDNRKSCSLALLNTDVYQLCSTPKVDERSDYASSGIEDIVLDIVNYDGSISTTRFKNNNISFDQPYA----ALYPSVGPGIYYKGKIIFLGYGGLEH--PINENAICNTTGCPGKTQRDCNQASHSPWFSDRRMVNSIIVVDKGLNSVPKLKVWTISMRQNYWGSEGRLLLLGNKIYIYTRSTSWHSKLQLGIIDITDysDIRIKWTWHNVLSRPGNNECPWGHSCPDGCITGVYTDAYPLNPTGSIVSSVILDSQKSRVNPVITYSTATERVNELAIRNKTLSAGYTTTSCITHYNKGYCFHIVEINHKSLNTFQPMLFKTEIPKSCS-
-1,--------LIPGPGLLAT----STTVNGCIRLPSLAINNLIYAYTSNLITQGCQDIGKSYQVLQIGIITINSDLVPDLNPRVTHTFNIDDNRKSCSLALLNTDVYQLCSTPKVDERSDYASTGIEDIVLDIVTSNGLIITTRFTNNNITFDKPYA----ALYPSVGPGIYYKDKVIFLGYGGLEHEE--NGDVICNTTGCPGKTQRDCNQASYSPWFSNRRMVNSIIVVDKGIDTTFSLRVWTIPMRQNYWGSEGRLLLLGDRIYIYTRSTSWHSKLQLGVIDIsdFNNIRINWTWHNVLSRPGNDECPWGHSCPDGCITGVYTDAYPLNPSGSIVSSVILDSQKSRENPIITYSTATNRVNELAIYNRTLPAAYTTTNCITHYDKGYCFHIVEINHRSLNTFQPMLFKTEVPKNCS-
-1,--------LIPGPSLLA----ASTTVNGCIRIPSFVINNLIYAYTSNLIVQGCQDIGKSYQVLQIGIITINSDLVPDLNPRITHTFNIDDNRKSCSLALLNTDVYQLCSTPKVDERSDYASTGIEDIVLDIITNNGLIITTRFTNDNITFDKPYA----ALYPSVGPGIYYKGKVIFLGYGGLEHAE--NGDVICNLTGCPGKTQRDCNQASYSPWFSDRRMVNSIIVVNKGVDTTFNLRVWTIPMRQNYWGSEGRLLLLGNKIYIYTRSTSWHSKLQLGTIDITNysDIRINWTWHDALSRPGNDDCPWGHSCPDGCITGVYTDAYPLNPSGSVVSSVILDSRKSRENPIITYATDTRRVNELAIYNRTLPAAYTTTNCIMHYDKGYCFHIVEINHRSLNTFQPMLFKTEIPKNCS-
-1,--------LIPGPGLLAT----STTINGCIRFPSLVINNLIYAYTSNLITQGCQDIGKSYQVLQIGIITINSDLVPDLNPRITHTFDIDDNRKSCSLALRNADVYQLCSTPKVDERSDYSSIGIEDIVLDIVTSEGTVSTTRFTNNNITFDKPYA----ALYPSVGPGIYYDNKIIFLGYGGLEHEE--NGDVICNITGCPGKTQHDCNQASYSPWFSNRRMVNAIILVNKGLNKVPSLQVWTIPMRQNYWGSEGRLLLLGNKIYIYTRSTSWHSKLQLGTLDISnyNDIRIRWTHHDVLSRPGSEECPRGNTCPRGCITGVYNDAYPLNPSGSVVSSVILDSRTSRENPIITYSTDTSRVNELAIRNNTLSAAYTTTNCVTHYGKGYCFHIIEINHKSLNTLQPMLFKTEIPKSC--
-1,--------LMPGPGLLAMPTTV----DGCVRTPSLVINDLIYAYTSNLITRGCQDIGKSYQVLQIGIITVNSDLVPDLNPRISHTFNINDNRKSCSLALLNTDVYQLCSTPKVDERSDYASSGIEDIVLDIVNYDGSISTTRFKNNNISFDQPYA----ALYPSVGPGIYYKGKIIFLGYGGLEH--PINENAICNTTGCPGKTQRASNHISHKPWFSDRRMVNSIIVVDKGLNSIPKLKVWTISMRQNYWGSEGRLLLLGNKIYIYTRSTSWHSKLQLGIIDITDysDIRIKWTWHNVLSRPGNNECPWGHSCPDGCITGVYTDAYPLNPTGSIVSSVILDSQKSRVNPVITYSTATERVNELAIRNKTLSAGYTTTSCITHYNKGYCFHIVEINHKSLNTFQPMLFKPEIPKS---
-1,-CSGPDMHLGLGvnPEFIEFPsfAPGSTKPGSCVRLPSFSLSTTVFAYTHTIMGHGCSELDVGDHYFSVGRIADAGHEIPQFETISSWFINDKINRRSCTVAAGAMEAWMGCVIMTETFYDDLNSLDTGKLTISYLDVFGRKKEWIYTRSEI----LYDYTYTSVYFSVGSGVVVGDTVYFLIWGSL--SSPIEETAYCFAPDCSNYNQRMCNEAQRPSKFGHRQMVNGILKFKTTSTGKPLLSVGTLSPSVVPFGSEGRLMYSEitKIIYLYLRSTSWHALPLTGLFVLGPPTSISWIVQRAVSRPGEFPCGASNRCPKDCVTGVYTDLFPLGSRYEYAATVYLNSETYRVNPTLALINQTNIIASKKVTTESQRAGYTTTTCFVFKLRVWCISVVELAPSTMTAYEPIPFLYQLDLTC--
-1,-CSGNEMSLELGtePEFIEYPsfAPGSTKPGSCVRLPSFSLSSTVFAYTHTIMGHGCSELDVGDHYLAIGRIADAGHEIPQFETISSWFINDKINRRSCTVAAGVMETWMGCVIMTETFYDDLDSLDTGKITISYLDVFGRKKEWIYTRSEI----LYDYTYTSVYFSIGSGVVVGDTVYFLLWGSL--SSPIEETAYCYAPGCSNYNQRMCNEAQRPAKFGHRQMANAILRFKTNSMGKPSISVRTLSPTVIPFGTEGRLIYSDftKIIYLYLRSTSWYVLPLTGLLILGPPVSISWVTQEAVSRPGEYPCGASNRCPKDCITGVYTDLFPLGARYEYAVTVYLNAETYRVNPTLALIDRSKIIARKKITTESQKAGYTTTTCFVFKLRIWCMSVVELAPATMTAFEPVPFLYQLDLTC--
-1,-------SLLPGPSLLS----GSTTISGCVRLPSLSIGEAIYAYSSNLITQGCADIGKSYQVLQLGYISLNSDMFPDLNPVVSHTYDINDNRKSCSVVATGTRGYQLCSMPTVDERTDYSSDGIEDMVLDILDLKGRTKSHRYSNSEIDFDHP----YSALYPSVGSGVATEGSLMFLGYGGL--TTPLQGDTKCRTQGCQQVSQDTCNEALKITWLGGGRLVSVLIQVNDYLSERPKIRVTTIPVTQNYLGAEGRLLKLGDQVYIYTRSSGWHSQLQIGVLDVSHPLTINWTPHEALSRPGNGECNWYNTCPRECISGVYTDAYPLSPDAANVATVTLYANTSRVNPTIMYSNTTNIINMLRIKDVQLEAAYTTTSCITHFGKGYCFHIIEINQKSLNTLQPMLFKTSIPKLC--
-1,-------SLLPGPSLLS----GSTTISGCVRLPSLSIGDAIYAYSSNLITQGCADIGKSYQVLQLGYISLNSDMYPDLNPVVSHTYDINDNRKSCSVIAAGTRGYQLCSLPTVNETTDYSSEGIEDLVFDILDLKGKTKSHRYKNEDITFDHPFS----AMYPSVGSGIKIENTLVFLGYGGL--TTPLQGNTKCVIKSCPNVNQSVCNDALKITWLKKRQVVNVLIHINNYLSDRPKIVVETIPITQNYLGAEGRLLKLGKKIYIYTRSSGWHSNLQIGSIDINKPMTINWAPHKVLSRPGNPDCNWFNKCPRECISGVYTDAYPLSPDAFNVATTTLYANTSRVNPTIMYSSTSKIINMLRLKNGQLEAAYTTTSCITHFGKGYCFHIVEINQTSLNTLQPMLFKTSIPKIC--
-1,-------------------IPGSTYSTGCVRIPTFSLGSMIYSYSHNVIYEGCNDHSKSSQYWQLGYISTSKTGEPLQQVSRTLTLNNGLNRKSCSTVAQGRGAYLLCTNVVEDERTDYSTEGIQDLTLDYIDIFGAERSYRYTNNEVDLDRPYA----ALYPSVGSGTVYNDRILFLGYGGL---MTPYGDqAMCQAPECTSATQEGCNSNQLIGYFSGRQIVNCIIEIITVGTEKPIIRVRTIPNSQVWLGAEGRIQTLGGVLYLYIRSSGWHALAQTGIILTLDPIRISWIVNTGYSRPGNGPCSASSRCPAQCITGVYTDIFPLSQNYGYLATVTLLSGVDRVNPVISYGTSTGRVADSQLTSSSQVAAYTTTTCFTFNQKGYCYHIIELSPATLGIFQPVLVVTEIPKICS-
-1,-------NFVEYPSFI----PGSTKPGGCVRLPSFSLGLEVFAYAHAITQDDCTSSSTPDYYFSVGRIADHGTDVPVFETLAEWFLDDKMNRRSCSVTAAGKGGWLGCSILVGSFTDELTSPEVNRISLSYMDTFGKKKDWLYTGSEVRADQ----SWSALFFSVGSGVVIGDTVYFLVWGGLNH--PINVDAMCRAPGCQSPTQSLCNYAIKPQEWGGNQIVNGILHFKHDTNEKPTLHVRTLSPDNNWMGAEGRLfhFHNSGKTFIYTRSSTWHTLPQVGILTLGWPLSVQWVDITSISRPGQSPCEYDNRCPHQCVTGVYTDLFPLGVSYEYSVTAYLDQVQSRMNPKIALVGAQEKIYEKTITTNTQHADYTTTSCFAYKLRVWCVSIVEMSPGVITTRQPVPFLYHLNLGC--
-1,-----TLSLIPGPSMLA----GTSTIDGCVRLPSLAIGKSLYAYSSNLITKGCQDIGKSYQVLQLGIITLNSDLHPDLNPIISHTYDINDNRKSCSVAVSETKGYQLCSMPRVNEKTDYTSDGIEDIVFDILDLKGSSRSFKFSNNDINFDHPFS----ALYPSVGSGIIWKNELYFLGYGAL--TTALQGNTKCNLKGCPGATQNNCNKFISSSWLYSKQMVNVLIQVKGYLSNKPSIIVRTIPITENYVGAEGKLVGTRERIYIYTRSTGWHANLQIGVLNINHPITITWTDHKVLSRPGRSPCAWNNKCPRNCTTGVYTDAYPISPDANYVATVTLLSNSTRTNPTIMYSSSDRVYNMLRLRNTELEAAYTTTSCIVHFDRGYCFHIIEINQKELNTLQPMLFKTAIPKAC--
-1,------------PALLARPNPI---PKSCSRFPSYSVNFGIHCFAHAITDQSCELSDKTYYRLAIGIsdknLSDPSDVKYIGEA----FTPMGLQARGCSVISSIYGCYLLCSKSNQGYEADFQTQGFHQMYI--LFLSRDLKTTLFNDMISSTTVV----WNGLYPGEGAGIWHMGYLIFPLWGGIKIGTPastsilnstldlPLVGPSCKSTLEENNLIN--KDVLFSPYFGESVMVFGFLSCYMLSNVPTHCQVEVLNSSVLGFGSRSQLMDLKGIVYLYIQSAGWYSYTQLFRLSLQSRGykltvkQIRRIPISSTTRPGTAPCDVVHNCPYTCATGLFQAPWIVngdsildrDVRNLVFVQAWSGNFNTFQKGLISICNQYTCPLTTLLDNDNSIMRSTTTYCYpsLSEYNLQCQSFIEWGGPVGNPIGILEVHYII------
-1,-------------ALFARPNPY---PKTCSRFPSYSVYFGIHCFSHAVTDSSCELSDSTYYRLVIGvadkNLSDPADVKYIGETTT----PVRVQTRGCSVVSSIYGCYLLCSKSNQDYQDDFREQGFHQMFI--LFLSRELKTTFFDDMVSSTTV----TWNGLYPGEGSGIWHMGHLVFPLWGGIRFGthasegilnstlELPPVGPSCKRSLADNGLIN--KDVLFSPYFGDSVMVFAYLSCYMLSNVPTHCQVETMNSSVLGFGSRAQFYDLKGIVYLYIQSAGWFSYTQLFRLSLQSKGyklsvkQIKRIPISSTSRPGTEPCDIIHNCPYTCATGLFQAPWIVngdsirdrDVRNMAFVQAWSGAINTFQRPFMSICSQYSCPLSELLDSESSIMRSTTTYCFpsLTESILQCVSFIEWGGPVGNPISINEV----------
-1,------------------PVPGPGLSNGCTRNPSFSVYHGVWCYTHATSIGNCNGSLGTSQLFRIGNVLEGDGGAPYHKSLATHLLTTRNVSRQCSATASYYGCYFICSEPVLTERDDYETPGIEPITIFRLDPDGNWVVFP------NINRFTEYSLKALYPGIGSGVLFQGKLIFPMYGGID-KERLSALGLGNIGLIERRMADTCNHtekelgrsfpgAFSSPYYHDAVMLNFLLICEMIENLPGDCDLQILNPTNMSMGSESQLSVLDNELFLYQRSASWWPYTLIYRLNmrytgkYLKPKSIIPMVIKSNTRPGYEGCNHERVCPKVCVTGVFQAPWILSigrdhkerVSNVTYMVAWSMDKSDRTYPAVSVCGSDTCKLTVPLGDSKVHSAYSVTRCYLSRDHMsaYCLVIFELDARPWAEMRIQSFLYKL------
-1,-------SLLPGPSLLS----GSSTISGCVRLPSLSIGDAIYAYSSNLITQGCADIGKSYQVLQLGYISLNSDMYPDLNPVISHTYDINDNRNSCSVIAAGTRGYQLCSLPTVNETTDYSSEGIEDLVFDILDLKGKTKSHRYKNEDITFDHPFS----AMYPSVGSGIKIEDTLVFLGYGGL--TTPLQGNTKCVISKCPNVNQSVCNDALKITWLKKRQVVNVLIRINNYLSDRPKIVVETIPITQNYLGAEGRLLKLGKKIYIYTRSSGWHSNLQIGSLDINKPMTINWTPHRVLSRPGNPDCNWFNKCPRECISGVYTDAYPLSPDAVNVATTTLYANTSRVNPTIMYSNTSKII---------------------------------------------------------
-1,-CNVRTVSPVksMTPVVFDSFIPETTTLRGCTRIPSFALGEFIYSYTHNQIAVGCGDSSISNQDWLIGTIDRGYNNTPTFKTAQRWYFDDNLNRKSCSTAVSGRGAWILCSIVTMSEAMDYRTEGVMDIFIGYQDVYGRRQSWIITEGEIN----FSNTFIAFYPSVGSGVAFGGKVYFLIYGGLN--DKIQGDARCPHQMCVGLstDQSICNRAQAPGWSGNKQLVNAILSFDDQIEFQPNVTVNVIPVTDQIMGAEGRLYYApySRKAYIYVRSSSWYPLMQYGLIDLTGDLHITWMNYTTLSRPGVGACTAKNRCPAECVTGVYTDMFLLSTADGLAVSVELVGDTQRRGPTLKLVDLQKKYTQYILTTVTQSAAYTTTTCFLFDFKPWCVSVVEFSPASIGSMAPIPILFPIWDSC--
-1,--------PLDHVNFIPAPVTTT----GCTRIPSFSVSSSIWCYTHNVIETGFNDHSGSNQYISMGVIKRAGNGLPYFSTVVSKYLTDGLNRKSCSVAAGSGHCYLLCSLVSEPEPDDYVSPDPTPMRLGVL----TWD-GSYTE-QVVPERIFKNIWSANYPGVGSGAIVGNKVLFPFYGGVRNGSTPevmnrgrYYYIQDPNDYCPDPLQDQilrAEQSYYPTRFGRRMVMQGVLACPVSNNSTIasQCQSYYFNNSLGFIGAESRIYYLNGNLYLYQRSSSWWPHPQIYLLDpriaspgtqnIDSGINLKMLNVTVITRPSSGFCNSQSRCPNDCLFGVYSDVWPLSltSDSIFAFTMYLQGKTTRIDPAWALFSNHAIGHEARLFNKEVSAAYSTTTCFsdTIQNQVYCLSILEVRSELLGPFKIVPFLYR-------
-1,----------------------PGFSKSCTRFPSFSEGSKFWCFTYAVVKEPCSDISSSIQVVKYGAIKANHsDGNPYL-VLGTKVLDDGKFRRGCSITSSLYGCYLLCSTANVSEVNDYAHTPAYPLTLELISKDG------ITTDLSPTYTVQLDKWSALYPGIGSGVIFKGYLMFPVYGGLPFKSPLisaswvgpgnkwPVDFSCSEDQYSTFNFSNPYSALYSPHFSNNIVVSALFVCPLNENLPYSCEVQVLPQGNLTIGAEGRLYVIDQDLYYYQRSTSWWPYLQLYKLNIritnrvFRVRSLSLLPIKSTTRPGYGNCTYFKLCPHICVTGVYQSPWLISIRdkrpheekNILYFIGWSPDEQIRQNPLVSLCHETACFINRSLATNKTHAGYSESHCVqsFERNKLTCTVFYELTAKPWAEMRVQSLLFQVD-----
-1,--------PLNMPSFI----PTATSPNGCTRIPSFSLGKTHWCYTHNVINANCKDHTSSNQYVSMGILVQTASGYPMFKTLKIQYLSDGLNRKSCSIATVPDGCAMYCYVSTQLETDDYAGSSPPTQKLTLLFYNDTV-----TERTISPSGLE-GNWATLVPGVGSGIYFENKLIFPAYGGVLPNStlgvksarefFRPVNPYNPCSGPQQDLDQRALRSYFPSYFSNRRVQSAFLVCAWNQILVTNCELVVPSNNQTLMGAEGRVLLINNRLLYYQRSTSWWPYELLYEISFtftnsgQSSVNMSWIPIYSFTRPGSGNCSGENVCPTACVSGVYLDPWPLTPyshqsginRNFYFTGALLNSSTTRVNPTLYVSALNNLKVLAPYGTQGLFASYTTTTCFqdTGDASVYCVYIMELASNIVGEFQILPVLTRL------
-1,-------------------VPSPGTFHGCSRFPSYSNHYGLWCYSHTVSNDTCDGSNPSVQILSVGKLITGDNGQPEHKTLYTQQLSQTDRLYHCSVTMTTLGCYILCSKPRVNETQDYETIGIEPMIIGMLGLDG-----VYTDLG-NPVGISDNSLYAMYPGPGGGVMYKDFLVFPLHGGVRFSEaskmlgknitfrgFPPSDT-CTEHE-KSLTQEPANM-LTSPYYGEVLVLDFLYVCTLLDNIPGECSIQLIPPDNMTMGSESKLYKLNNSLLLYKRSSSWWPYTEVYQLslrvskNSMKVRESVRLNITSTTRPGVEGCNINKVCPKVCVTGVFQAPGIIrkalspkeSNEDLLFFQAWTSDSIARQGPLISLCRADSCVLTIPLGNSDVFIGYTDSFCLsdRDNEKIYCVALLELDNMPYSEMTIRSFLYLI------
-1,----------LNP-LLDYPNfiPTATTPHGCIRIPSFSLSQTHWCYTHNTILQGCADTVSSNQYVSLGTLQTLENGNPYFKVEYSHYLNDGKNRKSCSVVAVLDGCLLYCVIMTKNETENFKDPQLATQLLTYISYNGTIKERIINPPGSSRD------WVHISPGVGSGISYSNYIIFPLYGGLMENSMIYNNqsgkyfyPNSTKLPCSNRTSEkikGAKDSYTITYFSRRLIQSAFLICDLRQFLSEDCEILIPSNDYMLVGAEGRLYNIEDNIFYYQRGSSWWPYPSLYRIKLNPNkkypriIEIEFTKIEIAPRPGNKDCPGNKACPKECITGVYQDIWPLSYPNTafphkkraYYTGFYLNNSLARRNPTFYTADNLDYHQQERLGKFNLTAGYSTTTCFkqTTTARLYCLYILEVGDSVIGDFQIFPFLRSIDQAIT-
-1,----KQFSLIEHPSFIA----GPTTTRGCTRIPTFHMSESHWCYSHNIIAAGCQDASASSMYISMGVLHVSSSGTPIFLTTASELIDDGVNRKSCSIVATQFGCDILCSIVTEKEGDDYWSDTPTPMRHGRFSFNGS-----FVEAELPVSSMFSS-FSANYPAVGSGEIVKNRILFPIYGGIKQTSPEFTelvkyglFVSTPTTVCQSSwTYDQVKAAYRPDYISGRFWAQVILSCALDAVDLSSCIVKIMNSSTVMMAAEGRIIRIGIDYFYYQRSSSWWPLAFVTKLDPQELADTNsiWltnsipIPQSKFPRPSYSEnyCTKPAVCPATCVTGVYSDIWPLTSSsslpSIIWIGQYLDAPVGRTYPRFGIANQSHWYLQEDILPTSTASAYSTTTCFKNTarNRVFCVTIAEFADGLFGEYRITPQLYEL------
-1,------------------------NPKSCSRFPSYSVSFGVHCFANAVTDQTCELNQNTFYRVVLsvskGNISDPS----SLETKAETRTPKGTPVRTCSIISSVYGCYLLCSKATIPESEEMKTVGFSQMFILYLAM--DSKRILYDNIVSST----SAIWSGLYPGEGAGIWHMGQLFFPLWGGIPFLTPlgqkilnstldiPEVGSKCKSALTTSP--AKTKDMLFSPYYGENVMVFGFLTCYLLSNVPTNCHADYLNSTVLGFGSKAQFYDYRGIVYMYIQSAGWYPYTQIFRITLQlkqnrlQAKSIKRIEVTSTTRPGNLECSVLWNCPYICATGLFQAPWIVnsdaitpkEVDNMVFVQAWSADFTEFRKGILSLCSQVSCPINDLLSKDNSYMRDTTTYCFpqTVPNTLPCTSFVEWGGDSGNPINILEIHYE-------
-1,------SNLIEHVNFI----PSPTTLSGCTRIPSFSLSKTHWCYSHNVISTGCQDHAASSQYISIGIVDTGLNNEPYLRTMSSRLLNDGLNRKSCSVTAGAGVCWLLCSVVTESESADYRSRAPTAMILGRFNFYGD-----YTESPV-PASLFSGRFTANYPGVGSGTQLNGTLYFPIYGGVVNDSDIElsnrgksfrprNPTNpCPDPEVTQSQRAQ--ASYYPTRFGRLLIQQAILACRISDTTCTDYYLLYFDNNQVMMGAEARIYYLNNQMYLYQRSSSWWPHPLFYRfsLPHCEPMSVCMITDThliltyATSRPGTSICTGASRCPNNCVDGVYTDVWPLtegtTQDPDSYYTVFLNSPNRRISPTISIYSYNQKISSRLAVGSEIGAAYTTSTCFSRTDTGalYCITIIEAVNTIFGQYRIVPILVQL------
-1,-------------------VPRPGKLLGCTRFPSFSVHYGLWCYGHMASTGNCSGSSPSVQIIRIGSIGTNKDGTPKYVIIASASLPETTRLYHCSVTMTSIGCYILCTTPSVSETDDYSTMGIEKMSISFLSLDGYLTQLG------QPTGLDNQNLYALYPGPGSGVIFRDFLIFPMMGGI-RLMDAQKMLNRNITYRGFPPSETCTESelklkqevanmLTSPYYGEVLVLNFLYVCSLLDNIPGDCSVQLIPPDNMTLGAESRLYVLNGSLIMYKRGSSWWPYTELYQINYrvnnraFRVRESVRINTTSTSRPGVQGCNLEKVCPKVCVSGIYQSPGIISapvnptrqEEGLLYFLVWTSSMSSRTGPLSSLCDHSTCRITYPIGDDTIFIGYTDSSCFMssIKEGIYCIAFLELDNQPYSMMAIRSLSYII------
-1,--------PIAFPSFI----PTSTTTVGCTRIPSFSLTKTHWCYTHNYIKTGCRDATQSNQYIALGTIYTDPDGTPGFSTSRSQYLNDGVNRKSCSISAVPMGCALYCFISVKEEVDYYKGTVPPAQTLILFFFNGTV-----HEHRIVPSSMNSE-WVMLSPGVGSGVFYNNYIIFPLYGGMtkdkaekrgeltRFFTPKNSRSLCKMNDSVFSNAAQ--SAYYPPYFSSRWIRSGLLACNWNQIITTNCEILTFSNQVMMMGAEGRLILINDDLFYYQRSTSWWPRPLVYKLDIelnypdSHIQRVDQVEVTFPTRPGWGGCVGNNFCPMICVSGVYQDVWPVTNpvnttdSRTLWVGGTLLSNTTRENPASVVTSGGSISQTVSWFNQTVPGAYSTTTCFndQVQGRIFCLIIFEVGGGLLGEYQIVPFLKELKYQ---
-1,-------------------IPAPTTGSGCTRIPSFDIGVTHYCYTHNVILSGCKDHSHSHQYLALGVLRTSATGRVFFSTLRSINLDDTQNRKSCSVSATPLGCDMLCSKVTETEEEDYRSTDPTPMVHGRLGFDGQ-----YHERDLDVRTLF-GDWVANYPGVGGGSFINNRVWFPVYGGLKPGSPTdkrqegqyaiyerYNDT-CPDDH--EYQVRMAKSAYKPNRFGGKRIQQAILSIGV-STTLADDPVLTVTSNTITlMGAEGRVMTVGNSHYLYQRGSSYYSPAILYPLTIANKTATLQAPYKfnAFTRPGSVPCQATARCPNSCVTGVYTDPYPIvfHKNHTLrgVFGTMLDDVQARLNPVSAVFDSITRSRVTRVSSSSTKAAYTTSTCFKVvkTGRVYCLSIAEISNTLFGEFRIVPLLVEI------
-1,-CKSVSKDPDFRLKQIDYVIPVQQDRSICMNNPLLDISDGFFTYIHYEGINSCKKSDSFKVLLSHGEIVDRGDYRPSLYLLSSHYHPYSMQVINCVPVTCNQSSFVFCHISNNTKTLDNSDYSSDEYYITYFNGidRPKTKKIPINNM------TADNRYIHFTFSGGGGVCLGEEFIIPVTTVINTDVFThdYCESFNCSVQTGKSLKEICSESLRSPTNSSRYNLNGIMIISQNNMTDFKIQLNGITYNKLSFGSPGRLSKTLGQVLYYQSSMSWDTYLKAGFVEKWKPFTPNWMNNTVISRPNQGNCPRYHKCPEICYGGTYNDIAPLDLGKDMYVSVILDSDQLAENPEITVFNSTTILYKERVSKDELNTRSTTTSCFLFLDEPWCISVLETNRFNGKSIRPEIYSYKIPKYC--
-1,---------------------NPNTFSGCTRLPSFSIGDKVWCYSFTHLTANCTDNGNSVQHLSLGIINSTSTGGPGFIAVASKVLYDTYRRSSCSVTAFDTSCVLLCLNGVSKEEDMYQTRSVPELVMTQLTQDGSVRSGVIN------GLIRSHDFVAIVPGVGSGVKYNDHLLFPIYGGVDPRTnlgrqlsgqamiFKDDITPCANIDSDPQLNRTAILSYNQSWYGSNIMVSGILSCTIGDDGPTSCNITVFSPAKVSMGSEGKLMIIGNNLLYYQRSSSWWPYPLLFRL-IFDAKSapliltnIIWIPIRVAPRPGTSPCTGLNTCPGTCITGVFSSVWPLSlpsvtakffPGYVFVAGT-LDHPTERLNPTLRSFNAISSIDKVHLGDNSVAGGYSDTTCIknTIADAVFCLTLFEMSSKTGQLFTINPIIY--------
-1,----KFKSLLDYPNFI----PTATTPHGCIRIPSFSLGQTHWCYTHNII-------------------------------------------------------------------------------------------------------------------------------------------------------------------------------------------------------------------------------------------------------------------------------------------------------------------------------------------------------------------------------
-1,---------------------------------------------------------------------------------------------SCSVTAIPRGCVLYCYVATRSEKADYATTDLAELRLAFYYYNDT-----FIERVISLPNT-TGPWALFFPAVASGIYHVGFILLPVDGGLIRGTTSYNE--------------------------------------------------------------------------------------------------------------------------------------------------------------------------------------------------------------------------------