sample_id,antigen_sequence,antibody_sequence,sequence_length,contains_error
antibody_01,ICLQKTSNQILKPKLISYTLGQSGTCITDPLLAMDEGYFAYSHLERIG[S][C][S][R]GVSKQRIIGVGEVLDRGDEVPSLFMTNVWTPPNPNTVYHCSAVYNNEFYYVLCAVSTVGDPI[L]NSTYWSGSLMMTRLAVKPKSNGGGYNQHQLALRSIEKGRYDKVMPYGPSGIKQGDTLYFPAVGFLVRTEFKYNDSNCPITKC[Q][Y]SKPENCRLSMG[I][R]PNSHYILRSGLLKYNLSDGENPKVVFIEISDQRLSIGSPSKIYDSLGQPVFYQAS[F]SWDTMIKFGDVLTVNPLVVNWRNNTVISR[P][G][Q][S][Q]CPRFNTCP[E]IC[W][E][G][V]YNDAFLIDRINWISAGVFLDSN[Q][T][A][E]NPVFTVFKDNEILYRAQLASE[D]T[N][A][Q]KTITNCFLLKNKIWCISLV[E][I][Y]D[T]GDNV[I]RPKLFAVKIPEQCTH,VQLQESGPGLVKPSQSLSLTCTVTGYSITTGYAWNWIRQFPGNKLEWMGYISYSGSTYYPSLKSRISITRDTSKNQFFLQLSIVTTEDTATYYCARGTTLPDYVDFWGQGTSVTVSS|DIQLTQSPSSLSASVGDRVTITCRASQTISTYLNWYQQKPGKAPKLLIYAASTLQSGVPSRFSGSGSGTDFTLTISSLQPEDFATYFCLQHFWTPPITFGQGTRLEIK,226,False
antibody_02,ICLQKTSNQILKPKLISYTLGQSGTCITDPLLAMDEGYFAYSHLERIG[S][C][S][R]GVSKQRIIGVGEVLDRGDEVPSLFMTNVWTPPNPNTVYHCSAVYNNEFYYVLCAVSTVGDPI[L]NSTYWSGSLMMTRLAVKPKSNGGGYNQHQLALRSIEKGRYDKVMPYGPSGIKQGDTLYFPAVGFLVRTEFKYNDSNCPITKC[Q][Y]SKPENCRLSMG[I][R]PNSHYILRSGLLKYNLSDGENPKVVFIEISDQRLSIGSPSKIYDSLGQPVFYQAS[F]SWDTMIKFGDVLTVNPLVVNWRNNTVISR[P][G][Q][S][Q]CPRFNTCP[E]IC[W][E][G][V]YNDAFLIDRINWISAGVFLDSN[Q][T][A][E]NPVFTVFKDNEILYRAQLASE[D]T[N][A][Q]KTITNCFLLKNKIWCISLV[E][I][Y]D[T]GDNV[I]RPKLFAVKIPEQCTH,QVQLQESGPGLVKPSETLSVTCTVSGGSIGSNNYWSWIRQPAGKGLEWIGYIYYSGSTNYNPSLKSRVTMSVDTSKNQFSLKLSSVTAADTAVYYCVRNYYDSSDSSGYYFMDVWGQGTTVTVSS|DIVMTQSPLSLSVTPGEPASISCRSSQSLLHSNGYNYLDWYLQKPGQSPQLLIYLGSNRASGVPDRFSGSGSGTDFTLKISRVEAEDVGVYYCMQALQTPTFGQGTRLEIK,237,False
antibody_03,ICLQKTSNQILKPKLISYTLGQSGTCITDPLLAMDEGYFAYSHLERIG[S][C][S][R]GVSKQRIIGVGEVLDRGDEVPSLFMTNVWTPPNPNTVYHCSAVYNNEFYYVLCAVSTVGDPI[L]NSTYWSGSLMMTRLAVKPKSNGGGYNQHQLALRSIEKGRYDKVMPYGPSGIKQGDTLYFPAVGFLVRTEFKYNDSNCPITKC[Q][Y]SKPENCRLSMG[I][R]PNSHYILRSGLLKYNLSDGENPKVVFIEISDQRLSIGSPSKIYDSLGQPVFYQAS[F]SWDTMIKFGDVLTVNPLVVNWRNNTVISR[P][G][Q][S][Q]CPRFNTCP[E]IC[W][E][G][V]YNDAFLIDRINWISAGVFLDSN[Q][T][A][E]NPVFTVFKDNEILYRAQLASE[D]T[N][A][Q]KTITNCFLLKNKIWCISLV[E][I][Y]D[T]GDNV[I]RPKLFAVKIPEQCTH,QVQLVQSGAEVKKPGESLKISCKGSGYRFSSYWIGWVRQMPGKGLEWMGIIYPGDSDTRYSPSFQGQVTISADKSISTAYLQWSSLKASDTAMYYCARQGPDYYYGMDVWGQGTTVTVSS|DIQMTQSPSTLSASVGDRVTITCRASQSISSWLAWYQQKPGKAPKLLIYKASELQSGVPSRFSGSGSGTEFTLTISSLQPDDFATYYCQQYINSYTFGQGTKVEIK,227,False
antibody_04,ICLQKTSNQILKPKLISYTLGQSGTCITDPLLAMDEGYFAYSHLERIG[S][C][S][R]GVSKQRIIGVGEVLDRGDEVPSLFMTNVWTPPNPNTVYHCSAVYNNEFYYVLCAVSTVGDPI[L]NSTYWSGSLMMTRLAVKPKSNGGGYNQHQLALRSIEKGRYDKVMPYGPSGIKQGDTLYFPAVGFLVRTEFKYNDSNCPITKC[Q][Y]SKPENCRLSMG[I][R]PNSHYILRSGLLKYNLSDGENPKVVFIEISDQRLSIGSPSKIYDSLGQPVFYQAS[F]SWDTMIKFGDVLTVNPLVVNWRNNTVISR[P][G][Q][S][Q]CPRFNTCP[E]IC[W][E][G][V]YNDAFLIDRINWISAGVFLDSN[Q][T][A][E]NPVFTVFKDNEILYRAQLASE[D]T[N][A][Q]KTITNCFLLKNKIWCISLV[E][I][Y]D[T]GDNV[I]RPKLFAVKIPEQCTH,QVQLQQSGPELVKPGASVKLSCKASGYTFTDYYMHWVKQRPGQGLEWIGEINPNSGGTNTYDQKFKGRATLTVDKSSSTAYLQLSSLTSEDSAVYYCARSPPWYFDYWGQGTTLTVS|DIVMTQSPSSMFASVGETVTITCRASENIYSNLAWYQQKPGQSPKLLIYWASTRHTGVPDRFTGSGSGTDFTLTISSVQAEDLALYYCQHYGSYSFTFGSGTKLEIK,225,False
antibody_05,ICLQKTSNQILKPKLISYTLGQSGTCITDPLLAMDEGYFAYSHLERIG[S][C][S][R]GVSKQRIIGVGEVLDRGDEVPSLFMTNVWTPPNPNTVYHCSAVYNNEFYYVLCAVSTVGDPI[L]NSTYWSGSLMMTRLAVKPKSNGGGYNQHQLALRSIEKGRYDKVMPYGPSGIKQGDTLYFPAVGFLVRTEFKYNDSNCPITKC[Q][Y]SKPENCRLSMG[I][R]PNSHYILRSGLLKYNLSDGENPKVVFIEISDQRLSIGSPSKIYDSLGQPVFYQAS[F]SWDTMIKFGDVLTVNPLVVNWRNNTVISR[P][G][Q][S][Q]CPRFNTCP[E]IC[W][E][G][V]YNDAFLIDRINWISAGVFLDSN[Q][T][A][E]NPVFTVFKDNEILYRAQLASE[D]T[N][A][Q]KTITNCFLLKNKIWCISLV[E][I][Y]D[T]GDNV[I]RPKLFAVKIPEQCTH,EVQLVESGGGLVQPGGSLRLSCAASGFNVSYSSIHWVRQAPGKGLEWVASISSYYGYTYYADSVKGRFTISADTSKNTAYLQMNSLRAEDTAVYYCARSRNYVYSSGYLDFWGQGTLVTVSS|DIQMTQSPSSLSASVGDRVTITCRASQSVSSAVAWYQQKPGKAPKLLIYSASSLYSGVPSRFSGSRSGTDFTLTISSLQPEDFATYYCQQSSYSSPPTFGQGTKVEIK,231,False
antibody_06,ICLQKTSNQILKPKLISYTLGQSGTCITDPLLAMDEGYFAYSHLERIG[S][C][S][R]GVSKQRIIGVGEVLDRGDEVPSLFMTNVWTPPNPNTVYHCSAVYNNEFYYVLCAVSTVGDPI[L]NSTYWSGSLMMTRLAVKPKSNGGGYNQHQLALRSIEKGRYDKVMPYGPSGIKQGDTLYFPAVGFLVRTEFKYNDSNCPITKC[Q][Y]SKPENCRLSMG[I][R]PNSHYILRSGLLKYNLSDGENPKVVFIEISDQRLSIGSPSKIYDSLGQPVFYQAS[F]SWDTMIKFGDVLTVNPLVVNWRNNTVISR[P][G][Q][S][Q]CPRFNTCP[E]IC[W][E][G][V]YNDAFLIDRINWISAGVFLDSN[Q][T][A][E]NPVFTVFKDNEILYRAQLASE[D]T[N][A][Q]KTITNCFLLKNKIWCISLV[E][I][Y]D[T]GDNV[I]RPKLFAVKIPEQCTH,EVQLVESGGGLVQPGGSLRLSCAASGFNIYYSSIHWVRQAPGKGLEWVASISPYYGSTSYADSVKGRFTISADTSKNTAYLQMNSLRAEDTAVYYCARDYGHYYYAMDYWGQGTLVTVSS|EIVMTQSPATLSVSPGERATLSCRASQSVSSYLAWYQQKPGQAPRLLIYGASTRATGIPARFSGSGSGTEFTLTISSLQSEDSAVYYCQQYNNWPPITFGQGTRLEIK,229,False
antibody_07,ICLQKTSNQILKPKLISYTLGQSGTCITDPLLAMDEGYFAYSHLERIG[S][C][S][R]GVSKQRIIGVGEVLDRGDEVPSLFMTNVWTPPNPNTVYHCSAVYNNEFYYVLCAVSTVGDPI[L]NSTYWSGSLMMTRLAVKPKSNGGGYNQHQLALRSIEKGRYDKVMPYGPSGIKQGDTLYFPAVGFLVRTEFKYNDSNCPITKC[Q][Y]SKPENCRLSMG[I][R]PNSHYILRSGLLKYNLSDGENPKVVFIEISDQRLSIGSPSKIYDSLGQPVFYQAS[F]SWDTMIKFGDVLTVNPLVVNWRNNTVISR[P][G][Q][S][Q]CPRFNTCP[E]IC[W][E][G][V]YNDAFLIDRINWISAGVFLDSN[Q][T][A][E]NPVFTVFKDNEILYRAQLASE[D]T[N][A][Q]KTITNCFLLKNKIWCISLV[E][I][Y]D[T]GDNV[I]RPKLFAVKIPEQCTH,QVQLQESGPGLVKPSETLSLSCVVSGDSSSTNYYWGWIRQPPGKGLEWIGYIYGSGDTAYNPSLKSRVTISVDTSKNQFSLKLSSVTAADTAVYYCARRSWGYGYNGYSTYYYYYYFDQGYFDVWGPGTLVT|DIQMTQSPSSLSASVGDRVTITCRASQSIGSYLNWYQQKPGKAPKLLIYAASTLQSGVPSRFSGSGSGTEFTLTISSLQPEDFATYYCQQSYSWGQGTKVEIK,236,False
antibody_08,ICLQKTSNQILKPKLISYTLGQSGTCITDPLLAMDEGYFAYSHLERIG[S][C][S][R]GVSKQRIIGVGEVLDRGDEVPSLFMTNVWTPPNPNTVYHCSAVYNNEFYYVLCAVSTVGDPI[L]NSTYWSGSLMMTRLAVKPKSNGGGYNQHQLALRSIEKGRYDKVMPYGPSGIKQGDTLYFPAVGFLVRTEFKYNDSNCPITKC[Q][Y]SKPENCRLSMG[I][R]PNSHYILRSGLLKYNLSDGENPKVVFIEISDQRLSIGSPSKIYDSLGQPVFYQAS[F]SWDTMIKFGDVLTVNPLVVNWRNNTVISR[P][G][Q][S][Q]CPRFNTCP[E]IC[W][E][G][V]YNDAFLIDRINWISAGVFLDSN[Q][T][A][E]NPVFTVFKDNEILYRAQLASE[D]T[N][A][Q]KTITNCFLLKNKIWCISLV[E][I][Y]D[T]GDNV[I]RPKLFAVKIPEQCTH,QVQLVQSGAEVKKPGASVKVSCKASGYTFTSYGISWVRQAPGQGLEWMGWISAHNGDTNYAQKFQGRVTMTRDTSITTAYMELRSDDTAVYYCARDGSVGGFYWGQGTLVTVSS|EIVLTQSPGTLSLSPGERATLSCRASQSVSSYLAWYQQKPGQAPRLLIYGASSRATGIPDRFSGSGSGTDFTLTISRLEPEDFAVYYCQQYGSSPITFGQGTRLEIK,222,False
antibody_09,ICLQKTSNQILKPKLISYTLGQSGTCITDPLLAMDEGYFAYSHLERIG[S][C][S][R]GVSKQRIIGVGEVLDRGDEVPSLFMTNVWTPPNPNTVYHCSAVYNNEFYYVLCAVSTVGDPI[L]NSTYWSGSLMMTRLAVKPKSNGGGYNQHQLALRSIEKGRYDKVMPYGPSGIKQGDTLYFPAVGFLVRTEFKYNDSNCPITKC[Q][Y]SKPENCRLSMG[I][R]PNSHYILRSGLLKYNLSDGENPKVVFIEISDQRLSIGSPSKIYDSLGQPVFYQAS[F]SWDTMIKFGDVLTVNPLVVNWRNNTVISR[P][G][Q][S][Q]CPRFNTCP[E]IC[W][E][G][V]YNDAFLIDRINWISAGVFLDSN[Q][T][A][E]NPVFTVFKDNEILYRAQLASE[D]T[N][A][Q]KTITNCFLLKNKIWCISLV[E][I][Y]D[T]GDNV[I]RPKLFAVKIPEQCTH,EVQLLESGGGLVQPGGSLRLSCAASGFNVSYSSIHWVRQAPGKGLEWVASISPYYGSTSYADSVKGRFTISADTSKNTAYLQMNSLRAEDTAVYYCARSYYWYWSGWGTLVTVSS|DIQMTQSPSSLSASVGDRVTITCRASQSVSSAVAWYQQKPGKAPKLLIYSASSLYSGVPSRFSGSRSGTDFTLTISSLQPEDFATYYCQQSYGSPPTFGQGTKVEIK,223,False
antibody_10,ICLQKTSNQILKPKLISYTLGQSGTCITDPLLAMDEGYFAYSHLERIG[S][C][S][R]GVSKQRIIGVGEVLDRGDEVPSLFMTNVWTPPNPNTVYHCSAVYNNEFYYVLCAVSTVGDPI[L]NSTYWSGSLMMTRLAVKPKSNGGGYNQHQLALRSIEKGRYDKVMPYGPSGIKQGDTLYFPAVGFLVRTEFKYNDSNCPITKC[Q][Y]SKPENCRLSMG[I][R]PNSHYILRSGLLKYNLSDGENPKVVFIEISDQRLSIGSPSKIYDSLGQPVFYQAS[F]SWDTMIKFGDVLTVNPLVVNWRNNTVISR[P][G][Q][S][Q]CPRFNTCP[E]IC[W][E][G][V]YNDAFLIDRINWISAGVFLDSN[Q][T][A][E]NPVFTVFKDNEILYRAQLASE[D]T[N][A][Q]KTITNCFLLKNKIWCISLV[E][I][Y]D[T]GDNV[I]RPKLFAVKIPEQCTH,QVQLQESGPGLVKPSQTLSLTCTVSGGSISSGHYAWWIRQPPGKGLEWIACIYSSSGSTYYNPSLKSRITISVDTSKNQFSLKLSSVTAADTAVYYCARRQRGYDYDYYYGMDVWGQGTTVTVSS|DIQLTQSPSSLSASVGDRVTITCRASQGISRNLAWYQQKPGKAPKLLIYAASSLQSGVPSRFSGSGSGTDFTLTISSLQPEDFATYYCQQSNNWPITFGQGTKVEIK,233,False
antibody_11,ICLQKTSNQILKPKLISYTLGQSGTCITDPLLAMDEGYFAYSHLERIG[S][C][S][R]GVSKQRIIGVGEVLDRGDEVPSLFMTNVWTPPNPNTVYHCSAVYNNEFYYVLCAVSTVGDPI[L]NSTYWSGSLMMTRLAVKPKSNGGGYNQHQLALRSIEKGRYDKVMPYGPSGIKQGDTLYFPAVGFLVRTEFKYNDSNCPITKC[Q][Y]SKPENCRLSMG[I][R]PNSHYILRSGLLKYNLSDGENPKVVFIEISDQRLSIGSPSKIYDSLGQPVFYQAS[F]SWDTMIKFGDVLTVNPLVVNWRNNTVISR[P][G][Q][S][Q]CPRFNTCP[E]IC[W][E][G][V]YNDAFLIDRINWISAGVFLDSN[Q][T][A][E]NPVFTVFKDNEILYRAQLASE[D]T[N][A][Q]KTITNCFLLKNKIWCISLV[E][I][Y]D[T]GDNV[I]RPKLFAVKIPEQCTH,EVQLVESGGGLVQPGGSLRLSCAASGFNIYYSSIHWVRQAPGKGLEWVASIYSYYSSTSYADSVKGRFTISADTSKNTAYLQMNSLRAEDTAVYYCARVYGYLSYSYFYWGLDVWGQGTLVTVS|DIQMTQSPSSLSASVGDRVTITCRASQSVSSAVAWYQQKPGKAPKLLIYSASSLYSGVPSRFSGSRSGTDFTLTISSLQPEDFATYYCQQYKYVPVTFGQGTKVEI,231,False
antibody_12,ICLQKTSNQILKPKLISYTLGQSGTCITDPLLAMDEGYFAYSHLERIG[S][C][S][R]GVSKQRIIGVGEVLDRGDEVPSLFMTNVWTPPNPNTVYHCSAVYNNEFYYVLCAVSTVGDPI[L]NSTYWSGSLMMTRLAVKPKSNGGGYNQHQLALRSIEKGRYDKVMPYGPSGIKQGDTLYFPAVGFLVRTEFKYNDSNCPITKC[Q][Y]SKPENCRLSMG[I][R]PNSHYILRSGLLKYNLSDGENPKVVFIEISDQRLSIGSPSKIYDSLGQPVFYQAS[F]SWDTMIKFGDVLTVNPLVVNWRNNTVISR[P][G][Q][S][Q]CPRFNTCP[E]IC[W][E][G][V]YNDAFLIDRINWISAGVFLDSN[Q][T][A][E]NPVFTVFKDNEILYRAQLASE[D]T[N][A][Q]KTITNCFLLKNKIWCISLV[E][I][Y]D[T]GDNV[I]RPKLFAVKIPEQCTH,EVQLQQSGAELVKPGASVKLSCTASGFNIKDTYVHWVKQRPEQGLEWIGRIDPANGYTKYDPKFQGKATITADTSSNTAYLQLSSLTSEDTAVYYCVRPLYDYYAMDYWGQGTTLTVSS|DIVMTQSPSSLAMSAGRVSITCRTSQSISSYLNWVQQKPGKSPKLLIYWASTRESGVPDRFTGSGSGTDFTLTISRVEAEDLGVYYCMQGTHVPYTFGGGTKLEIK,226,False
antibody_13,ICLQKTSNQILKPKLISYTLGQSGTCITDPLLAMDEGYFAYSHLERIG[S][C][S][R]GVSKQRIIGVGEVLDRGDEVPSLFMTNVWTPPNPNTVYHCSAVYNNEFYYVLCAVSTVGDPI[L]NSTYWSGSLMMTRLAVKPKSNGGGYNQHQLALRSIEKGRYDKVMPYGPSGIKQGDTLYFPAVGFLVRTEFKYNDSNCPITKC[Q][Y]SKPENCRLSMG[I][R]PNSHYILRSGLLKYNLSDGENPKVVFIEISDQRLSIGSPSKIYDSLGQPVFYQAS[F]SWDTMIKFGDVLTVNPLVVNWRNNTVISR[P][G][Q][S][Q]CPRFNTCP[E]IC[W][E][G][V]YNDAFLIDRINWISAGVFLDSN[Q][T][A][E]NPVFTVFKDNEILYRAQLASE[D]T[N][A][Q]KTITNCFLLKNKIWCISLV[E][I][Y]D[T]GDNV[I]RPKLFAVKIPEQCTH,EVQLVESGGGLVKPGGSLRLSCAASGFTFSSYAMHWVRQAPGKGLEWVSAISGGGGSTYYADSVKGRFTISRDNSKNTLYLQMRAEDTAVYYCAKDDADWGQGTLVTVSS|DIQMTQSPSSLSASVGDRVTITCRASQSVSSAVAWYQQKPGKAPKLLIYSASSLYSGVPSRFSGSRSGTDFTLTISSLQPEDFATYYCQQYKYVPFTFGQGTKVEIK,218,False
antibody_14,ICLQKTSNQILKPKLISYTLGQSGTCITDPLLAMDEGYFAYSHLERIG[S][C][S][R]GVSKQRIIGVGEVLDRGDEVPSLFMTNVWTPPNPNTVYHCSAVYNNEFYYVLCAVSTVGDPI[L]NSTYWSGSLMMTRLAVKPKSNGGGYNQHQLALRSIEKGRYDKVMPYGPSGIKQGDTLYFPAVGFLVRTEFKYNDSNCPITKC[Q][Y]SKPENCRLSMG[I][R]PNSHYILRSGLLKYNLSDGENPKVVFIEISDQRLSIGSPSKIYDSLGQPVFYQAS[F]SWDTMIKFGDVLTVNPLVVNWRNNTVISR[P][G][Q][S][Q]CPRFNTCP[E]IC[W][E][G][V]YNDAFLIDRINWISAGVFLDSN[Q][T][A][E]NPVFTVFKDNEILYRAQLASE[D]T[N][A][Q]KTITNCFLLKNKIWCISLV[E][I][Y]D[T]GDNV[I]RPKLFAVKIPEQCTH,QVQLQESGPGLVKPSQTLSLTCTVSGGSISSGSYYWIRQSPGKGLEWIGYIYYSGSTNYNPSLKSRVTISVDTSKNQFSLKLSSVTAADTAVYYCARHRYYDRGQGTLVTVSS|DIQMTQSPASLSASVGETVTITCRASENIYSNLAWYQQKQGKSPQLLVYAATDLADGVPSRFSGSGSGTQFSLKINSLQPEDFGSYYCQHFWDTPWTFGQGTRVE,219,False
antibody_15,ICLQKTSNQILKPKLISYTLGQSGTCITDPLLAMDEGYFAYSHLERIG[S][C][S][R]GVSKQRIIGVGEVLDRGDEVPSLFMTNVWTPPNPNTVYHCSAVYNNEFYYVLCAVSTVGDPI[L]NSTYWSGSLMMTRLAVKPKSNGGGYNQHQLALRSIEKGRYDKVMPYGPSGIKQGDTLYFPAVGFLVRTEFKYNDSNCPITKC[Q][Y]SKPENCRLSMG[I][R]PNSHYILRSGLLKYNLSDGENPKVVFIEISDQRLSIGSPSKIYDSLGQPVFYQAS[F]SWDTMIKFGDVLTVNPLVVNWRNNTVISR[P][G][Q][S][Q]CPRFNTCP[E]IC[W][E][G][V]YNDAFLIDRINWISAGVFLDSN[Q][T][A][E]NPVFTVFKDNEILYRAQLASE[D]T[N][A][Q]KTITNCFLLKNKIWCISLV[E][I][Y]D[T]GDNV[I]RPKLFAVKIPEQCTH,EVQLVESGGGLVQPGGSLRLSCAASGFNLYSSSIHWVRQAPGKGLEWVAYISSSGTHYADSVKGRFTISADTSKNTAYLQMRAEDTAVYYCARVGHYYSSGGYYYAMDYWGQGTLVTVSS|DIQMTQSPSSLSASVGDRVTITCRASQSVSSAVAWYQQKPGKAPKLLIYSASSLYSGVPSRFSGSRSGTDFTLTISSLQPEDFATYYCQQYSSYWTFGQGTKVEIK,227,False
antibody_16,ICLQKTSNQILKPKLISYTLGQSGTCITDPLLAMDEGYFAYSHLERIG[S][C][S][R]GVSKQRIIGVGEVLDRGDEVPSLFMTNVWTPPNPNTVYHCSAVYNNEFYYVLCAVSTVGDPI[L]NSTYWSGSLMMTRLAVKPKSNGGGYNQHQLALRSIEKGRYDKVMPYGPSGIKQGDTLYFPAVGFLVRTEFKYNDSNCPITKC[Q][Y]SKPENCRLSMG[I][R]PNSHYILRSGLLKYNLSDGENPKVVFIEISDQRLSIGSPSKIYDSLGQPVFYQAS[F]SWDTMIKFGDVLTVNPLVVNWRNNTVISR[P][G][Q][S][Q]CPRFNTCP[E]IC[W][E][G][V]YNDAFLIDRINWISAGVFLDSN[Q][T][A][E]NPVFTVFKDNEILYRAQLASE[D]T[N][A][Q]KTITNCFLLKNKIWCISLV[E][I][Y]D[T]GDNV[I]RPKLFAVKIPEQCTH,EVQLVESGGGLVQPGGSLRLSCAASGFNVVDSGISWVRQAPGKGLEWVSYISSSSGSTYYADSVKGRFTISADTSKNTAYLQMNSLRAEDTAVYYCARAHYYGSYFGSVVYYYGLDVWGQGTLVTVSS|DIQMTQSPSSLSASVGDRVTITCRASQSVSSAVAWYQQKPGKAPKLLIYSASSLYSGVPSRFSGSRSGTDFTLTISSLQPEDFATYYCQQYDTYPITFGQGTKVEIK,236,False
antibody_17,ICLQKTSNQILKPKLISYTLGQSGTCITDPLLAMDEGYFAYSHLERIG[S][C][S][R]GVSKQRIIGVGEVLDRGDEVPSLFMTNVWTPPNPNTVYHCSAVYNNEFYYVLCAVSTVGDPI[L]NSTYWSGSLMMTRLAVKPKSNGGGYNQHQLALRSIEKGRYDKVMPYGPSGIKQGDTLYFPAVGFLVRTEFKYNDSNCPITKC[Q][Y]SKPENCRLSMG[I][R]PNSHYILRSGLLKYNLSDGENPKVVFIEISDQRLSIGSPSKIYDSLGQPVFYQAS[F]SWDTMIKFGDVLTVNPLVVNWRNNTVISR[P][G][Q][S][Q]CPRFNTCP[E]IC[W][E][G][V]YNDAFLIDRINWISAGVFLDSN[Q][T][A][E]NPVFTVFKDNEILYRAQLASE[D]T[N][A][Q]KTITNCFLLKNKIWCISLV[E][I][Y]D[T]GDNV[I]RPKLFAVKIPEQCTH,EVQLVESGGGLVQPGGSLRLSCAASGFNVYSSSIHWVRQAPGKGLEWVASISSYYGYTYYADSVKGRFTISADTSKNTAYLQMNSLRAEDTAVYYCARSYSTYYYGYWYFDVWGQGTLVTVSS|DIQMTQSPSSLSAAVGDRVTITCRASQSVSSAVAWYQQKPGKAPKLLIYSASSLYSGVPSRFSGSRSGTDFTLTISSLQPEDFATYYCQQYNYYWLITFGQGTKVEIK,232,False
antibody_18,ICLQKTSNQILKPKLISYTLGQSGTCITDPLLAMDEGYFAYSHLERIG[S][C][S][R]GVSKQRIIGVGEVLDRGDEVPSLFMTNVWTPPNPNTVYHCSAVYNNEFYYVLCAVSTVGDPI[L]NSTYWSGSLMMTRLAVKPKSNGGGYNQHQLALRSIEKGRYDKVMPYGPSGIKQGDTLYFPAVGFLVRTEFKYNDSNCPITKC[Q][Y]SKPENCRLSMG[I][R]PNSHYILRSGLLKYNLSDGENPKVVFIEISDQRLSIGSPSKIYDSLGQPVFYQAS[F]SWDTMIKFGDVLTVNPLVVNWRNNTVISR[P][G][Q][S][Q]CPRFNTCP[E]IC[W][E][G][V]YNDAFLIDRINWISAGVFLDSN[Q][T][A][E]NPVFTVFKDNEILYRAQLASE[D]T[N][A][Q]KTITNCFLLKNKIWCISLV[E][I][Y]D[T]GDNV[I]RPKLFAVKIPEQCTH,QVQLQQPGAELVKPGASVKLSCKASGYTFTSDWIHWVKQRPGHGLEWIGEIIPSYGRANYNEKIQKKATLTADKSSSTAFMHLSSLTSEDSAVYYCARERGDGYFAVWGAGTTVTVSS|DILLTQSPAILSVSPGERVSFSCRASQSIGTDIHWYQQRTNGSPRLLIKYASESISGIPSRFSGSGSGTDFTLSINSVESEDIANYYCQQSNRWPFTFGSGTKLEIK,226,False
antibody_19,ICLQKTSNQILKPKLISYTLGQSGTCITDPLLAMDEGYFAYSHLERIG[S][C][S][R]GVSKQRIIGVGEVLDRGDEVPSLFMTNVWTPPNPNTVYHCSAVYNNEFYYVLCAVSTVGDPI[L]NSTYWSGSLMMTRLAVKPKSNGGGYNQHQLALRSIEKGRYDKVMPYGPSGIKQGDTLYFPAVGFLVRTEFKYNDSNCPITKC[Q][Y]SKPENCRLSMG[I][R]PNSHYILRSGLLKYNLSDGENPKVVFIEISDQRLSIGSPSKIYDSLGQPVFYQAS[F]SWDTMIKFGDVLTVNPLVVNWRNNTVISR[P][G][Q][S][Q]CPRFNTCP[E]IC[W][E][G][V]YNDAFLIDRINWISAGVFLDSN[Q][T][A][E]NPVFTVFKDNEILYRAQLASE[D]T[N][A][Q]KTITNCFLLKNKIWCISLV[E][I][Y]D[T]GDNV[I]RPKLFAVKIPEQCTH,VRLLESGGGLVQPGGSLKLSCAASGFDYSRYWMSWVRQAPGKGLKWIGEINPVSSTINYTPSLKDKFIISRDNAKDTLYLQISKVRSEDTALYYCARLYYGYGYWYFDVWGAGTTVTVSS|DIVLTQSPAIMSAAPGDKVTMTCSASSSVSYIHWYQQKSGTSPKRWIYDTSKLTSGVPVRFSGSGSGTSYSLTINTMEAEDAATYYCQQWSSHPQTFGGGTKLEIl,227,False
antibody_20,ICLQKTSNQILKPKLISYTLGQSGTCITDPLLAMDEGYFAYSHLERIG[S][C][S][R]GVSKQRIIGVGEVLDRGDEVPSLFMTNVWTPPNPNTVYHCSAVYNNEFYYVLCAVSTVGDPI[L]NSTYWSGSLMMTRLAVKPKSNGGGYNQHQLALRSIEKGRYDKVMPYGPSGIKQGDTLYFPAVGFLVRTEFKYNDSNCPITKC[Q][Y]SKPENCRLSMG[I][R]PNSHYILRSGLLKYNLSDGENPKVVFIEISDQRLSIGSPSKIYDSLGQPVFYQAS[F]SWDTMIKFGDVLTVNPLVVNWRNNTVISR[P][G][Q][S][Q]CPRFNTCP[E]IC[W][E][G][V]YNDAFLIDRINWISAGVFLDSN[Q][T][A][E]NPVFTVFKDNEILYRAQLASE[D]T[N][A][Q]KTITNCFLLKNKIWCISLV[E][I][Y]D[T]GDNV[I]RPKLFAVKIPEQCTH,QVQLQESGPGLVQPSQSLSLTCTVSGFSLTSYGVHWVRQSPGKGLEWLGVIWAGGSTDYNSALKSRLSISRDTSKNQVFLKMNSLQTDDTAMYYCAKHGSSNGDYWGQGTSVTVSS|DIVMTQSPDSLAVSLGERATINCKSSQSVLYSSNNKNYLAWYQQKPEGQPPNLLIYWASTRESGVPDRFSGSGSGTDFTLTISSLQAEDVAVYYCQQYYSAPTFGQGTKLEIK,230,False
